id;email;first_name;last_name;password;telephone;adresse
1;Wilber.Denesik@yahoo.com;Mohamed;Windler;integrated Automotive black;648-639-6855;generate Grass-roots Loan
2;Lacey47@hotmail.com;Gunnar;Rogahn;Metal;1-600-930-1121;Gorgeous
3;Maxime_Cormier@hotmail.com;Ena;Batz;Lebanese models;708-232-9366 x654;mission-critical Rubber
4;Luciano.Barrows79@yahoo.com;Soledad;Abernathy;card envisioneer;369.506.5925;Visionary navigating
5;Darlene.Beahan19@hotmail.com;Tate;Rau;Handcrafted Quality Producer;367.988.3528 x14429;South Ranch Communications
6;Raymundo_Welch@gmail.com;Jayne;Bernier;Gorgeous incubate red;943-516-0294 x8532;Mouse invoice world-class
7;Cade.Schoen83@hotmail.com;Dayna;Zboncak;Market;873.264.2298 x6996;Hawaii efficient connect
8;Virgil.Lockman21@yahoo.com;Russell;Bergnaum;directional generating;(795) 736-0791;North matrix
9;Coy97@hotmail.com;Casper;Brakus;generating;812-688-1998;EXE
10;Audrey69@hotmail.com;Vernice;Miller;solution actuating;1-469-503-5616;transparent Buckinghamshire
